{
  "title": "Choose the Right Plan for You",
  "subtitle": "Scale your productivity with BreezeFlow's flexible plans",
  "plans": {
    "free": {
      "name": "Free",
      "description": "Essential productivity tools for individuals just getting started.",
      "price": {
        "monthly": 0,
        "annual": 0
      },
      "features": [
        "50 actions per month",
        "Basic task management",
        "Calendar integration",
        "Manual reminder settings",
        "Standard support"
      ],
      "callToAction": "Get Started",
      "tagline": "Perfect for beginners"
    },
    "starter": {
      "name": "Starter",
      "description": "Enhanced productivity tools for serious personal organization.",
      "price": {
        "monthly": 7,
        "annual": 70
      },
      "features": [
        "500 actions per month",
        "Advanced task management",
        "Smart calendaring",
        "Automated reminders",
        "Email notifications",
        "Weekly summary reports"
      ],
      "callToAction": "Upgrade Now",
      "tagline": "Most popular for individuals"
    },
    "pro": {
      "name": "Pro",
      "description": "Comprehensive suite for power users who demand the best.",
      "price": {
        "monthly": 19,
        "annual": 190
      },
      "features": [
        "Unlimited actions",
        "Priority-based workflow engine",
        "Advanced analytics dashboard",
        "Custom integrations",
        "Priority support",
        "ROI tracking",
        "Flow Score optimization"
      ],
      "callToAction": "Go Pro",
      "tagline": "Best value for professionals"
    },
    "team": {
      "name": "Team",
      "description": "Collaborative tools for teams of any size.",
      "price": {
        "monthly": 12,
        "annual": 120
      },
      "priceQualifier": "per user",
      "features": [
        "Everything in Pro plan",
        "Team collaboration",
        "Shared calendars & tasks",
        "Role-based permissions",
        "Admin dashboard",
        "Team analytics",
        "Customizable workflows",
        "White-labeling options"
      ],
      "callToAction": "Contact Sales",
      "tagline": "Perfect for organizations"
    }
  },
  "faq": [
    {
      "question": "Can I change plans at any time?",
      "answer": "Yes, you can upgrade or downgrade your plan at any time. Upgrades take effect immediately, while downgrades will take effect at the end of your current billing period."
    },
    {
      "question": "How do BreezeFlow's plans calculate usage?",
      "answer": "Each plan includes a specific number of 'actions' per month. An action is counted when you complete a task, manage a bill, schedule an event, or use any other BreezeFlow feature. Unlimited plans have no restrictions on your usage."
    },
    {
      "question": "Is there a free trial available?",
      "answer": "You can start with our Free plan to explore BreezeFlow's core features. When you're ready for more capabilities, you can upgrade to one of our paid plans."
    },
    {
      "question": "Do you offer annual billing?",
      "answer": "Yes! All our paid plans offer annual billing with a 16% discount compared to monthly billing."
    },
    {
      "question": "How does the Team plan work?",
      "answer": "The Team plan is priced per user. You'll be billed based on the number of team members you add to your account. All team members get full access to Pro features plus the team collaboration tools."
    }
  ],
  "testimonials": [
    {
      "quote": "BreezeFlow has transformed how I manage my day. The ROI tracking alone has saved me thousands in billable hours.",
      "author": "Sarah J., Freelance Designer"
    },
    {
      "quote": "Our team's productivity increased by 37% in the first month of using BreezeFlow. Best investment we've made this year.",
      "author": "Michael T., Product Manager"
    },
    {
      "quote": "I was skeptical at first, but the Pro plan features have literally changed how I work. Couldn't go back to my old system now.",
      "author": "David L., Software Engineer"
    }
  ]
}