{
	"info": {
		"_postman_id": "5c8e3a4f-3e2b-4a57-9c1a-6b21d59f1d8b",
		"name": "BreezeFlow API",
		"description": "API collection for testing BreezeFlow endpoints, including the new quota management system",
		"schema": "https://schema.getpostman.com/json/collection/v2.1.0/collection.json"
	},
	"item": [
		{
			"name": "Authentication",
			"item": [
				{
					"name": "Register",
					"request": {
						"method": "POST",
						"header": [
							{
								"key": "Content-Type",
								"value": "application/json"
							}
						],
						"body": {
							"mode": "raw",
							"raw": "{\n  \"username\": \"testuser\",\n  \"password\": \"P@ssw0rd123\",\n  \"name\": \"Test User\",\n  \"email\": \"test@example.com\"\n}"
						},
						"url": {
							"raw": "{{baseUrl}}/api/register",
							"host": [
								"{{baseUrl}}"
							],
							"path": [
								"api",
								"register"
							]
						},
						"description": "Register a new user account"
					}
				},
				{
					"name": "Login",
					"request": {
						"method": "POST",
						"header": [
							{
								"key": "Content-Type",
								"value": "application/json"
							}
						],
						"body": {
							"mode": "raw",
							"raw": "{\n  \"username\": \"testuser\",\n  \"password\": \"P@ssw0rd123\"\n}"
						},
						"url": {
							"raw": "{{baseUrl}}/api/login",
							"host": [
								"{{baseUrl}}"
							],
							"path": [
								"api",
								"login"
							]
						},
						"description": "Authenticate user and get JWT tokens"
					}
				},
				{
					"name": "Get Current User",
					"request": {
						"method": "GET",
						"header": [],
						"url": {
							"raw": "{{baseUrl}}/api/user",
							"host": [
								"{{baseUrl}}"
							],
							"path": [
								"api",
								"user"
							]
						},
						"description": "Get information about the current authenticated user"
					}
				},
				{
					"name": "Logout",
					"request": {
						"method": "POST",
						"header": [],
						"url": {
							"raw": "{{baseUrl}}/api/logout",
							"host": [
								"{{baseUrl}}"
							],
							"path": [
								"api",
								"logout"
							]
						},
						"description": "Logout and invalidate the current session"
					}
				}
			],
			"description": "Authentication-related endpoints"
		},
		{
			"name": "Quota & Plans",
			"item": [
				{
					"name": "Get User Quota",
					"request": {
						"method": "GET",
						"header": [],
						"url": {
							"raw": "{{baseUrl}}/api/user/quota",
							"host": [
								"{{baseUrl}}"
							],
							"path": [
								"api",
								"user",
								"quota"
							]
						},
						"description": "Get the user's current quota usage and limits"
					}
				},
				{
					"name": "Get Upgrade Path",
					"request": {
						"method": "GET",
						"header": [],
						"url": {
							"raw": "{{baseUrl}}/api/plans/upgrade-path",
							"host": [
								"{{baseUrl}}"
							],
							"path": [
								"api",
								"plans",
								"upgrade-path"
							]
						},
						"description": "Get information about the next plan tier for upgrading"
					}
				},
				{
					"name": "Track Usage Event",
					"request": {
						"method": "POST",
						"header": [
							{
								"key": "Content-Type",
								"value": "application/json"
							}
						],
						"body": {
							"mode": "raw",
							"raw": "{\n  \"eventType\": \"task_completed\",\n  \"timeSavedMinutes\": 30,\n  \"moneySavedCents\": 2500\n}"
						},
						"url": {
							"raw": "{{baseUrl}}/api/roi/usage-event",
							"host": [
								"{{baseUrl}}"
							],
							"path": [
								"api",
								"roi",
								"usage-event"
							]
						},
						"description": "Track a new usage event for ROI calculation and quota tracking"
					}
				}
			],
			"description": "Endpoints related to quota management and plan information"
		},
		{
			"name": "Payment",
			"item": [
				{
					"name": "Create Razorpay Order",
					"request": {
						"method": "POST",
						"header": [
							{
								"key": "Content-Type",
								"value": "application/json"
							}
						],
						"body": {
							"mode": "raw",
							"raw": "{\n  \"planId\": \"plan_starter_monthly\",\n  \"amount\": 580,\n  \"currency\": \"INR\"\n}"
						},
						"url": {
							"raw": "{{baseUrl}}/api/create-razorpay-order",
							"host": [
								"{{baseUrl}}"
							],
							"path": [
								"api",
								"create-razorpay-order"
							]
						},
						"description": "Create a new Razorpay order for plan subscription"
					}
				},
				{
					"name": "Verify Razorpay Payment",
					"request": {
						"method": "POST",
						"header": [
							{
								"key": "Content-Type",
								"value": "application/json"
							}
						],
						"body": {
							"mode": "raw",
							"raw": "{\n  \"razorpay_payment_id\": \"pay_123456789\",\n  \"razorpay_order_id\": \"order_123456789\",\n  \"razorpay_signature\": \"signature_hash\"\n}"
						},
						"url": {
							"raw": "{{baseUrl}}/api/verify-razorpay-payment",
							"host": [
								"{{baseUrl}}"
							],
							"path": [
								"api",
								"verify-razorpay-payment"
							]
						},
						"description": "Verify and process a completed Razorpay payment"
					}
				}
			],
			"description": "Payment and subscription management endpoints"
		},
		{
			"name": "System",
			"item": [
				{
					"name": "API Documentation",
					"request": {
						"method": "GET",
						"header": [],
						"url": {
							"raw": "{{baseUrl}}/api",
							"host": [
								"{{baseUrl}}"
							],
							"path": [
								"api"
							]
						},
						"description": "Get API documentation overview"
					}
				},
				{
					"name": "Health Check",
					"request": {
						"method": "GET",
						"header": [],
						"url": {
							"raw": "{{baseUrl}}/api/health",
							"host": [
								"{{baseUrl}}"
							],
							"path": [
								"api",
								"health"
							]
						},
						"description": "Check the health status of the API"
					}
				}
			],
			"description": "System and monitoring endpoints"
		}
	],
	"event": [
		{
			"listen": "prerequest",
			"script": {
				"type": "text/javascript",
				"exec": [
					""
				]
			}
		},
		{
			"listen": "test",
			"script": {
				"type": "text/javascript",
				"exec": [
					""
				]
			}
		}
	],
	"variable": [
		{
			"key": "baseUrl",
			"value": "http://localhost:5000",
			"type": "string"
		}
	]
}